<?xml version="1.0" encoding="UTF-8"?>
<?xml-model href="http://www.tei-c.org/release/xml/tei/custom/schema/relaxng/tei_all.rng" type="application/xml" schematypens="http://relaxng.org/ns/structure/1.0"?>
<?xml-model href="http://www.tei-c.org/release/xml/tei/custom/schema/relaxng/tei_all.rng" type="application/xml"
	schematypens="http://purl.oclc.org/dsdl/schematron"?>
<TEI xmlns="http://www.tei-c.org/ns/1.0" xml:id="Dawn-1-1-1">
   <teiHeader>
      <fileDesc>
         <titleStmt>
            <title>Dawn</title>
            <author>Octavia E. Butler</author>
         </titleStmt>
         <publicationStmt>
            <p>Publication Information</p>
         </publicationStmt>
         <sourceDesc>
            <p>Information about the source</p>
         </sourceDesc>
      </fileDesc>
   </teiHeader>
   <text>
      <body>
         <div type="book" n="I">
            <pb n="1"/>
            <head>Womb</head>
            <div type="chapter" n="1">
               <p><s><w>Alive</w><pc>!</pc></s></p>
               <p><s><w>Still</w> <w>alive</w><pc>.</pc></s></p>
               <p><s><w>Alive</w> <pc>…</pc> <w>again</w><pc>.</pc></s></p>
               
               <p><s><w lemma="awaken">Awakening</w> <w lemma="be">was</w> <w>hard</w><pc>,</pc> <w>as</w> <w>always</w><pc>.</pc></s> <s><w>The</w> <w>ultimate</w> <w>disappointment</w><pc>.</pc></s> <s><w>It</w> <w lemma="is">was</w> <w>a</w> <w>struggle</w> <w>to</w> <w>take</w> <w>in</w> <w>enough</w> <w>air</w> <w>to</w> <w>drive</w> <w>off</w> <w>nightmare</w> <w lemma="sensation">sensations</w> <w>of</w> <w>asphyxiation</w><pc>.</pc></s> <s><persName><forename>Lilith</forename> <surname>Iyapo</surname></persName> <w lemma="lie">lay</w> <w lemma="gasp">gasping</w><pc>,</pc> <w lemma="shake">shaking</w> <w>with</w> <w>the</w> <w>force</w> <w>of</w> <w lemma="she">her</w> <w>effort</w><pc>.</pc></s> <s><w lemma="she">Her</w> <w>heart</w> <w>beat</w> <w>too</w> <w>fast</w><pc>,</pc> <w>too</w> <w>loud</w><pc>.</pc></s> <s><w>She</w> <w lemma="curl">curled</w> <w>around</w> <w>it</w><pc>,</pc> <w>fetal</w><pc>,</pc> <w>helpless</w><pc>.</pc></s> <s><w>Circulation</w> <w lemma="begin">began</w> <w>to</w> <w>return</w> <w>to</w> <w lemma="she">her</w> <w lemma="arm">arms</w> <w>and</w> <w lemma="leg">legs</w> <w>in</w> <w lemma="flurry">flurries</w> <w>of</w> <w>minute</w><pc>,</pc> <w>exquisite</w> <w lemma="pain">pains</w><pc>.</pc></s></p>
               
               <p>When her body calmed and became reconciled to reanimation, she looked around. The
                  room seemed dimly lit, though she had never Awakened to dimness before. She
                  corrected her thinking. The room did not only seem dim, it was dim. At an earlier
                  Awakening, she had decided that reality was whatever happened, whatever she
                  perceived. It had occurred to her—how many times?—that she might be insane or
                  drugged, physically ill or injured. None of that mattered. It could not matter
                  while she was confined this way, kept helpless, alone, and ignorant.</p>
               
               <p>She sat up, Swayed dizzily, then turned to look at the rest of the room.</p>
               
               <p>The walls were light-colored—white or gray, perhaps. The bed was what it had
                  always been: a solid platform that gave slightly to the touch and that seemed to
                  grow from the floor. There was, across the room, a doorway that probably led to a
                  bathroom. She was usually given a bathroom. Twice she had not been, and in her
                  windowless, doorless cubicle, she had been forced simply to choose a corner.</p>
               
               <pb n="2"/>
               <p>She went to the doorway, peered through the uniform dimness, and satisfied herself
                  that she did, indeed, have a bathroom. This one had not only a toilet and a sink,
                  but a shower. Luxury.</p>
               
               <p>What else did she have?</p>
               
               <p>Very little. There was another platform perhaps a foot higher than the bed. It
                  could have been used as a table, though there was no chair And there were things
                  on it. She saw the food first. It was the usual lumpy cereal or stew, of no
                  recognizable flavor, contained in an edible bowl that would disintegrate if she
                  emptied it and did not eat it.</p>
               
               <p>And there was something beside the bowl. Unable to see it clearly, she touched
                  it.</p>
            </div>
         </div>
      </body>
   </text>
</TEI>
