<?xml version="1.0" encoding="UTF-8"?><?xml-model href="http://www.stoa.org/epidoc/schema/latest/tei-epidoc.rng" schematypens="http://relaxng.org/ns/structure/1.0"?><TEI xmlns="http://www.tei-c.org/ns/1.0">
    <teiHeader>
        <fileDesc>
            <titleStmt>
                <title>Votive inscription from Vila Nova de Famalicão (Hispania citerior)</title>
            </titleStmt>
            <publicationStmt>
                <authority>Epigraphische Datenbank Heidelberg</authority>
                <availability>
                    <p>Heidelberger Akademie der Wissenschaften</p>
                    <licence target="http://creativecommons.org/licenses/by-sa/4.0/">This file is licensed under the Creative Commons Attribution-ShareAlike 4.0 license.
                    </licence>
                </availability>
            <idno type="localID">HD000069</idno><idno type="URI">https://edh-www.adw.uni-heidelberg.de/test/edh/inschrift/HD000069</idno></publicationStmt>
            <sourceDesc>
                <msDesc>
                    <msIdentifier>
                        <repository>Mus. Pio XII Braga</repository>
                    </msIdentifier>
                    <physDesc>
                        <objectDesc>
                            <supportDesc>
                                <support><objectType ref="https://www.eagle-network.eu/voc/objtyp/lod/29">altar</objectType><material ref="http://www.eagle-network.eu/voc/material/lod/11">Granit</material><dimensions unit="cm"><height>67</height><width>27</width><depth>31</depth></dimensions><rs type="deccoration" ref="http://www.eagle-network.eu/voc/decor/lod/1000">no</rs></support>
                            </supportDesc>
                            <layoutDesc>
                                <layout>description of text field/campus</layout>
                            </layoutDesc>
                        </objectDesc>
                        <handDesc><handNote><dimensions><height unit="cm">2.5-4.5</height></dimensions></handNote></handDesc>
                    </physDesc>
                    <history>
                        <origin><origPlace><placeName type="province">Hispania citerior</placeName><placeName type="ancient" ref="#"/></origPlace><origDate><origDate notBefore-custom="0001" notAfter-custom="0300" datingMethod="http://en.wikipedia.org/wiki/Julian_calendar">1 AD - 300 AD</origDate></origDate></origin>
                        <provenance type="found"><placeName type="country" ref="https://www.geonames.org/2264397">Portugal</placeName><placeName type="modern" ref="http://www.geonames.org/2732547">Vila Nova de Famalicão</placeName><placeName type="findspot">Sta. Maria de Arnoso, Pfarrhaus</placeName><placeName type="region">Braga</placeName></provenance>
                    </history>
                </msDesc>
            </sourceDesc>
        </fileDesc>
        <encodingDesc>
             <p>Encoded following EpiDoc guidelines 9.2</p>
        </encodingDesc>             
        <profileDesc>
            <langUsage>
                <language ident="en">English</language>
                <language ident="de">Deutsch</language>
                <language ident="lat">Latin</language>
            </langUsage>
            <textClass>
                <keywords><term ref="http://www.eagle-network.eu/voc/typeins/lod/372">votive inscription</term></keywords>
            </textClass>
            <particDesc><p><listPerson><person xml:id="HD000069_1" sex="M"><persName><name type="cognomen">Lucretius+</name></persName></person><person xml:id="HD000069_2" sex="M"><persName><name type="cognomen">Caturo+</name></persName></person></listPerson></p></particDesc>
        </profileDesc>
        <revisionDesc><change when="1990-12-18" who="Schulzeoben">provisional</change></revisionDesc>
    </teiHeader>
    <facsimile><graphic url="#"/></facsimile>
    <text>
        <body>
            <div type="edition" xml:space="preserve"><head>Text</head><ab><lb n="1"/>
                Lucr<supplied reason="lost">etiu</supplied><lb break="no" n="2"/>s Caturon<supplied reason="lost">i</supplied><lb break="no" n="3"/>s <expan><abbr>f</abbr><ex>ilius</ex></expan> Lari B<lb break="no" n="4"/>eiradi<supplied reason="lost">e</supplied><lb break="no" n="5"/>go ex <expan><abbr>vot</abbr><ex>o</ex></expan> <lb n="6"/><expan><abbr>pos</abbr><ex>uit</ex></expan> <expan><abbr>ar</abbr><ex>am</ex></expan> <expan><abbr>sac</abbr><ex>ravit</ex></expan>
            </ab></div>
            <div type="commentary">
                <p>Z. 6: pos(uit) ar(am) sac(ravit) oder pos(uit) ar(am) sac(ram). Der Altar wurde oben auf der Vorderseite beschnitten und abgerundet.</p>
            </div>
            <div type="bibliography">
                <listBibl><bibl>AE 1983, 0560.</bibl><bibl>L. Dos Santos - P. Le Roux - A. Tranoy, Inscrições romanas do Museu Pio XII em Braga (Braga 1983) 12-13, Nr. 12; lám. 3,9.</bibl><bibl>L. Dos Santos - P. Le Roux - A. Tranoy, Bracara Augusta 37, 1983, 190, Nr. 12; lám. 3,9. - AE.</bibl><bibl/></listBibl>
            </div>
        </body>
    </text>
</TEI>