<?xml version="1.0" encoding="UTF-8"?>
<?xml-model href="http://www.stoa.org/epidoc/schema/8.16/tei-epidoc.rng" type="application/xml" schematypens="http://relaxng.org/ns/structure/1.0"?>
<TEI xmlns="http://www.tei-c.org/ns/1.0"
     n="0016;;18"
     xml:id="o.bu.njem.18"
     xml:lang="en">
   <teiHeader>
      <fileDesc>
         <titleStmt>
            <title>o.bu.njem.18</title>
         </titleStmt>
         <publicationStmt>
            <authority>Duke Collaboratory for Classics Computing (DC3)</authority>
            <idno type="filename">o.bu.njem.18</idno>
            <idno type="ddb-perseus-style">0016;;18</idno>
            <idno type="ddb-hybrid">o.bu.njem;;18</idno>
            <idno type="HGV">73168</idno>
            <idno type="TM">73168</idno>
            <availability>
               <p>© Duke Databank of Documentary Papyri. This work is licensed under a <ref type="license" target="http://creativecommons.org/licenses/by/3.0/">Creative Commons Attribution 3.0 License</ref>.</p>
            </availability>
         </publicationStmt>
         <sourceDesc>
            <p/>
         </sourceDesc>
      </fileDesc>
      <profileDesc>
         <langUsage>
            <language ident="en">English</language>
            <language ident="la">Latin</language>
         </langUsage>
      </profileDesc>
      <revisionDesc>
          <change when="2011-12-14" who="http://papyri.info/editor/users/gabrielbodard">rationalized languages in langUsage</change>
          <change when="2011-12-14" who="http://papyri.info/editor/users/gabrielbodard">changed editor names to URIs</change>
          <change when="2010-05-05" who="http://papyri.info/editor/users/gabrielbodard">changed schema; added xml:space=preserve; indented; moved title/@n to idno</change>
          <change when="2009-11-12" who="http://papyri.info/editor/users/gabrielbodard">Added language la-Grek</change>
          <change when="2009-06-27" who="http://papyri.info/editor/users/gabrielbodard">Converted from TEI P4 (EpiDoc DTD v. 6) to P5 (EpiDoc RNG schema)</change>
          <change when="2008-12-23" who="http://papyri.info/about">Automated split from transcoder files</change>
      </revisionDesc>
   </teiHeader>
   <text>
      <body>
         <head n="73168" xml:lang="en">
            <date>IIIspc</date>
            <placeName>Golas</placeName>
         </head>
         <div xml:lang="la" type="edition" xml:space="preserve"><ab>
    <lb n="1"/>vii <expan>Kal<ex>endas</ex></expan> <expan>Novemb<ex>res</ex></expan> <expan>n<ex>umerus</ex></expan>         xlvi 

    <lb n="2"/>in his <expan><ex>sesquiplicarius</ex></expan>                     i 

    <lb n="3"/><expan><ex>equites</ex></expan>                                    vi 

    <lb n="4"/>optio                                        i 

    <lb n="5"/>quintanari                                   xv 

    <lb n="6"/><supplied reason="lost">d</supplied><unclear>e</unclear> <unclear>sp</unclear>eclis                                 i 

    <lb n="7"/><gap reason="lost" extent="unknown" unit="character"/><gap reason="illegible" quantity="3" unit="character"/>                                   i 

    <lb n="8"/><gap reason="lost" extent="unknown" unit="line"/> </ab></div>
      </body>
   </text>
</TEI>
